"Id","Conferencias","Numero de anos","Total Papers","Total Autores","Média Autores/Ano","Desv Pad","Ano Início","Ano Fim","Anos sem artigos",,,,,,,,,,,
2444,"DAC",48,5694,16176,"337,00","230,03",1964,2011,,,,,,,,,,,,
5317,"STOC",44,2685,5978,"135,86","66,33",1969,2012,,,,,,,,,,,,
1890,"POPL",39,1239,2689,"67,23","29,83",1973,2012,1974,,,,,,,,,,,
408,"ISCA",38,1422,4262,"109,28","42,99",1973,2011,1975,,,,,,,,,,,
3061,"SIGMOD Conference",38,2671,8508,"223,89","168,95",1975,2012,,,,,,,,,,,,
4789,"FOCS",37,2377,5269,"142,41","51,03",1975,2011,,,,,,,,,,,,
3620,"SIGIR",36,2737,7282,"177,61","217,34",1971,2011,1972,1974,1975,1976,1977,,,,,,,
1735,"MFCS",35,2027,3761,"96,44","45,79",1973,2011,1982,1983,1985,1987,,,,,,,,
3688,"VLDB",33,2442,6865,"208,03","150,61",1975,2007,,,,,,,,,,,,
1274,"ICALP",33,2029,4092,"113,67","66,74",1972,2007,1973,1975,2006,,,,,,,,,
4512,"Int. CMG Conference",32,3129,4246,"128,67","58,26",1976,2008,1993,,,,,,,,,,,
603,"ICSE",32,2655,6702,"186,17","154,71",1976,2011,1977,1980,1983,1985,,,,,,,,
2619,"DAGM-Symposium",31,1923,4767,"140,21","62,56",1978,2011,1982,1983,1994,,,,,,,,,
4111,"CRYPTO",31,1184,2606,"84,06","17,98",1981,2011,,,,,,,,,,,,
5126,"PODS",31,991,2306,"74,39","12,25",1982,2012,,,,,,,,,,,,
3966,"PODC",30,1403,3463,"115,43","65,68",1982,2011,,,,,,,,,,,,
323,"ITC",30,3990,10378,"334,77","124,73",1981,2011,1987,,,,,,,,,,,
4585,"ICDCS",30,2216,5985,"193,06","75,50",1981,2011,1983,,,,,,,,,,,
3987,"EUROCRYPT",30,1140,2435,"78,55","25,69",1982,2012,1983,,,,,,,,,,,
1116,"ACL",30,2345,5234,"158,61","177,77",1979,2011,1984,1998,2009,,,,,,,,,
5334,"SIGMETRICS",29,1086,2929,"81,36","59,92",1976,2011,1977,1978,1979,1980,2001,2006,2009,,,,,
330,"WG",29,818,1889,"59,03","31,26",1980,2011,1982,1984,1985,,,,,,,,,
3473,"ER",29,1187,2867,"86,88","48,59",1979,2011,1980,1982,1984,1995,,,,,,,,
1881,"STACS",29,1510,3213,"110,79","31,83",1984,2012,,,,,,,,,,,,
5260,"FSTTCS",28,983,2148,"76,71","23,87",1984,2011,,,,,,,,,,,,
1784,"Symposium on Computational Geometry",27,1366,3476,"128,74","37,97",1985,2011,,,,,,,,,,,,
4981,"SIGCSE",27,2801,7135,"264,26","139,18",1986,2012,,,,,,,,,,,,
1703,"ICDE",27,2963,8906,"318,07","216,43",1984,2011,1985,,,,,,,,,,,
4289,"UAI",27,1708,3763,"139,37","59,44",1985,2011,,,,,,,,,,,,
2869,"SIGCOMM",26,879,2805,"103,89","77,89",1985,2011,1987,,,,,,,,,,,
1666,"SRDS",26,768,2097,"83,84","42,71",1987,2011,,,,,,,,,,,,
1045,"BNCOD",26,479,1215,"40,50","25,44",1982,2011,1983,1987,1989,1999,,,,,,,,
4481,"LICS",26,1145,2225,"85,58","10,66",1986,2011,,,,,,,,,,,,
3264,"INFOCOM",26,5842,17085,"569,50","433,88",1983,2012,1985,1986,1987,1988,,,,,,,,
3781,"OOPSLA",25,925,2680,"103,08","40,49",1986,2011,1990,,,,,,,,,,,
1670,"SIGDOC",25,878,1656,"57,10","36,02",1982,2010,1984,1986,1987,1988,,,,,,,,
1910,"MICRO",25,857,2723,"108,92","43,74",1987,2011,,,,,,,,,,,,
326,"PLDI",25,810,2335,"93,40","39,78",1987,2011,,,,,,,,,,,,
5479,"NIPS",25,4458,11587,"463,48","200,22",1987,2011,,,,,,,,,,,,
153,"IEEE Symposium on Security and Privacy",25,624,1631,"50,97","38,60",1980,2011,1981,1985,1988,1992,1993,1994,1995,,,,,
5121,"CSL",25,859,1505,"60,20","17,91",1987,2011,,,,,,,,,,,,
4191,"GI Jahrestagung",25,1858,3613,"97,65","172,10",1973,2009,1986,1988,1989,1990,2000,2001,2003,2004,2005,2006,2007,2008
4767,"DBSec",25,597,1443,"57,72","16,99",1987,2011,,,,,,,,,,,,
,"ISSAC",24,,,,,,,,,,,,,,,,,,
,"ECOOP",24,,,,,,,,,,,,,,,,,,
,"SIGUCCS",24,,,,,,,,,,,,,,,,,,
,"SSDBM",23,,,,,,,,,,,,,,,,,,
,"SODA",23,,,,,,,,,,,,,,,,,,
,"SPAA",23,,,,,,,,,,,,,,,,,,
,"IEEE Real-Time Systems Symposium",23,,,,,,,,,,,,,,,,,,
,"CBMS",23,,,,,,,,,,,,,,,,,,
,"Grundlagen von Datenbanken",23,,,,,,,,,,,,,,,,,,
,"ICPP",22,,,,,,,,,,,,,,,,,,
,"ICCAD",22,,,,,,,,,,,,,,,,,,
,"CHI",22,,,,,,,,,,,,,,,,,,
,"COLT",22,,,,,,,,,,,,,,,,,,
,"CAV",22,,,,,,,,,,,,,,,,,,
,"CAiSE",22,,,,,,,,,,,,,,,,,,
,"CONCUR",22,,,,,,,,,,,,,,,,,,
,"BDA",22,,,,,,,,,,,,,,,,,,
,"RTA",22,,,,,,,,,,,,,,,,,,
,"ICIS",22,,,,,,,,,,,,,,,,,,
,"Winter Simulation Conference",22,,,,,,,,,,,,,,,,,,
,"SOSP",21,,,,,,,,,,,,,,,,,,
,"ICLP",21,,,,,,,,,,,,,,,,,,
,"ESOP",21,,,,,,,,,,,,,,,,,,
,"FORTE",21,,,,,,,,,,,,,,,,,,
,"IJCAI",21,,,,,,,,,,,,,,,,,,
,"Ada-Europe",21,,,,,,,,,,,,,,,,,,
,"ISMVL",21,,,,,,,,,,,,,,,,,,
,"VLSI Design",20,,,,,,,,,,,,,,,,,,
,"CC",20,,,,,,,,,,,,,,,,,,
,"CIKM",20,,,,,,,,,,,,,,,,,,
,"DEXA",20,,,,,,,,,,,,,,,,,,
,"Annual Simulation Symposium",20,,,,,,,,,,,,,,,,,,
,"CPM",20,,,,,,,,,,,,,,,,,,
,"HPDC",20,,,,,,,,,,,,,,,,,,
,"CASCON",20,,,,,,,,,,,,,,,,,,
,"LOPSTR",20,,,,,,,,,,,,,,,,,,
,"ARCS",20,,,,,,,,,,,,,,,,,,
,"ICCD",20,,,,,,,,,,,,,,,,,,
,"LCPC",20,,,,,,,,,,,,,,,,,,
,"TREC",19,,,,,,,,,,,,,,,,,,
,"SC",19,,,,,,,,,,,,,,,,,,
,"MASCOTS",19,,,,,,,,,,,,,,,,,,
,"AAAI",19,,,,,,,,,,,,,,,,,,
,"ALT",19,,,,,,,,,,,,,,,,,,
,"ESANN",19,,,,,,,,,,,,,,,,,,
,"SEKE",19,,,,,,,,,,,,,,,,,,
,"SIGGRAPH",19,,,,,,,,,,,,,,,,,,
,"FPL",19,,,,,,,,,,,,,,,,,,
,"ICSM",19,,,,,,,,,,,,,,,,,,
,"ECIS",19,,,,,,,,,,,,,,,,,,
,"ICCS",19,,,,,,,,,,,,,,,,,,
,"ISAAC",19,,,,,,,,,,,,,,,,,,
,"CADE",19,,,,,,,,,,,,,,,,,,
,"ICML",19,,,,,,,,,,,,,,,,,,
,"CSFW",19,,,,,,,,,,,,,,,,,,
,"ESA",19,,,,,,,,,,,,,,,,,,
,"IEEE Symposium on Computer Arithmetic",19,,,,,,,,,,,,,,,,,,
,"TACAS",18,,,,,,,,,,,,,,,,,,
,"SAS",18,,,,,,,,,,,,,,,,,,
,"HPCA",18,,,,,,,,,,,,,,,,,,
,"LCN",18,,,,,,,,,,,,,,,,,,
,"Description Logics",18,,,,,,,,,,,,,,,,,,
,"FSE",18,,,,,,,,,,,,,,,,,,
,"Hypertext",18,,,,,,,,,,,,,,,,,,
,"SEBD",18,,,,,,,,,,,,,,,,,,
,"ACM Multimedia",18,,,,,,,,,,,,,,,,,,
,"FPGA",18,,,,,,,,,,,,,,,,,,
,"ICS",18,,,,,,,,,,,,,,,,,,
,"SAC",18,,,,,,,,,,,,,,,,,,
,"PEPM",18,,,,,,,,,,,,,,,,,,
,"WCRE",18,,,,,,,,,,,,,,,,,,
,"Graph Drawing",18,,,,,,,,,,,,,,,,,,
,"ACM Conference on Computer and Communications Security",18,,,,,,,,,,,,,,,,,,
,"FCT",18,,,,,,,,,,,,,,,,,,
,"SIROCCO",18,,,,,,,,,,,,,,,,,,
,"CCCG",18,,,,,,,,,,,,,,,,,,
,"WETICE",17,,,,,,,,,,,,,,,,,,
,"KI",17,,,,,,,,,,,,,,,,,,
,"LISA",17,,,,,,,,,,,,,,,,,,
,"KDD",17,,,,,,,,,,,,,,,,,,
,"APSEC",17,,,,,,,,,,,,,,,,,,
,"COCOON",17,,,,,,,,,,,,,,,,,,
,"TIME",17,,,,,,,,,,,,,,,,,,
,"ADBIS",17,,,,,,,,,,,,,,,,,,
,"MOBICOM",17,,,,,,,,,,,,,,,,,,
,"IUI",17,,,,,,,,,,,,,,,,,,
,"ICNP",17,,,,,,,,,,,,,,,,,,
,"APL",17,,,,,,,,,,,,,,,,,,
,"TPHOLs",17,,,,,,,,,,,,,,,,,,
,"ASPLOS",17,,,,,,,,,,,,,,,,,,
,"VTS",17,,,,,,,,,,,,,,,,,,
,"CP",17,,,,,,,,,,,,,,,,,,
,"ACM Southeast Regional Conference",17,,,,,,,,,,,,,,,,,,
,"ASIACRYPT",17,,,,,,,,,,,,,,,,,,
,"WADS",16,,,,,,,,,,,,,,,,,,
,"ECBS",16,,,,,,,,,,,,,,,,,,
,"ACISP",16,,,,,,,,,,,,,,,,,,
,"DFT",16,,,,,,,,,,,,,,,,,,
,"IEEE Conference on Computational Complexity",16,,,,,,,,,,,,,,,,,,
,"ISPD",16,,,,,,,,,,,,,,,,,,
,"ESORICS",16,,,,,,,,,,,,,,,,,,
,"SOFSEM",16,,,,,,,,,,,,,,,,,,
,"Graphics Interface",16,,,,,,,,,,,,,,,,,,
,"ICFP",16,,,,,,,,,,,,,,,,,,
,"PPOPP",16,,,,,,,,,,,,,,,,,,
,"IEEE Visualization",16,,,,,,,,,,,,,,,,,,
,"ICECCS",16,,,,,,,,,,,,,,,,,,
,"CSMR",16,,,,,,,,,,,,,,,,,,
,"INFORSID",16,,,,,,,,,,,,,,,,,,
,"ISLPED",16,,,,,,,,,,,,,,,,,,
,"AAECC",16,,,,,,,,,,,,,,,,,,
,"RECOMB",16,,,,,,,,,,,,,,,,,,
,"ISMIS",16,,,,,,,,,,,,,,,,,,
,"CRIWG",16,,,,,,,,,,,,,,,,,,
,"ACSAC",16,,,,,,,,,,,,,,,,,,
,"ITiCSE",16,,,,,,,,,,,,,,,,,,
,"ICRA",16,,,,,,,,,,,,,,,,,,
,"ASYNC",15,,,,,,,,,,,,,,,,,,
,"IEA/AIE",15,,,,,,,,,,,,,,,,,,
,"FASE",15,,,,,,,,,,,,,,,,,,
,"Public Key Cryptography",15,,,,,,,,,,,,,,,,,,
,"IPCO",15,,,,,,,,,,,,,,,,,,
,"UIST",15,,,,,,,,,,,,,,,,,,
,"OPODIS",15,,,,,,,,,,,,,,,,,,
,"JSSPP",15,,,,,,,,,,,,,,,,,,
,"FCCM",15,,,,,,,,,,,,,,,,,,
,"DATE",15,,,,,,,,,,,,,,,,,,
,"Developments in Language Theory",15,,,,,,,,,,,,,,,,,,
,"IDEAS",15,,,,,,,,,,,,,,,,,,
,"Euro-Par",15,,,,,,,,,,,,,,,,,,
,"ASE",15,,,,,,,,,,,,,,,,,,
,"Financial Cryptography",15,,,,,,,,,,,,,,,,,,
,"PDP",15,,,,,,,,,,,,,,,,,,
,"ICTAI",15,,,,,,,,,,,,,,,,,,
,"HSCC",15,,,,,,,,,,,,,,,,,,
,"NDSS",15,,,,,,,,,,,,,,,,,,
,"ISWC",15,,,,,,,,,,,,,,,,,,
,"EuroGP",15,,,,,,,,,,,,,,,,,,
,"ECAI",15,,,,,,,,,,,,,,,,,,
,"FoSSaCS",15,,,,,,,,,,,,,,,,,,
,"CSCW",14,,,,,,,,,,,,,,,,,,
,"VRST",14,,,,,,,,,,,,,,,,,,
,"SEC",14,,,,,,,,,,,,,,,,,,
,"WER",14,,,,,,,,,,,,,,,,,,
,"DASFAA",14,,,,,,,,,,,,,,,,,,
,"Selected Areas in Cryptography",14,,,,,,,,,,,,,,,,,,
,"HICSS",14,,,,,,,,,,,,,,,,,,
,"Asian Test Symposium",14,,,,,,,,,,,,,,,,,,
,"DISC",14,,,,,,,,,,,,,,,,,,
,"IV",14,,,,,,,,,,,,,,,,,,
,"PDPTA",14,,,,,,,,,,,,,,,,,,
,"Canadian Conference on AI",14,,,,,,,,,,,,,,,,,,
,"ISORC",14,,,,,,,,,,,,,,,,,,
,"ECDL",14,,,,,,,,,,,,,,,,,,
,"INFOS",14,,,,,,,,,,,,,,,,,,
,"EDBT",14,,,,,,,,,,,,,,,,,,
,"RE",14,,,,,,,,,,,,,,,,,,
,"NOSSDAV",14,,,,,,,,,,,,,,,,,,
,"ILP",14,,,,,,,,,,,,,,,,,,
,"ICDT",14,,,,,,,,,,,,,,,,,,
,"PADL",14,,,,,,,,,,,,,,,,,,
,"ASAP",14,,,,,,,,,,,,,,,,,,
,"TYPES",14,,,,,,,,,,,,,,,,,,
,"Best of PLDI",14,,,,,,,,,,,,,,,,,,
,"MMB",14,,,,,,,,,,,,,,,,,,
,"ASP-DAC",14,,,,,,,,,,,,,,,,,,
,"BTW",14,,,,,,,,,,,,,,,,,,
,"Bildverarbeitung für die Medizin",14,,,,,,,,,,,,,,,,,,
,"COMPSAC",14,,,,,,,,,,,,,,,,,,
,"Security Protocols Workshop",14,,,,,,,,,,,,,,,,,,
,"LPAR",14,,,,,,,,,,,,,,,,,,
,"DOLAP",14,,,,,,,,,,,,,,,,,,
,"PRIMA",14,,,,,,,,,,,,,,,,,,
,"PACIS",14,,,,,,,,,,,,,,,,,,
,"FLAIRS Conference",14,,,,,,,,,,,,,,,,,,
,"SAFECOMP",14,,,,,,,,,,,,,,,,,,
,"Discovery Science",14,,,,,,,,,,,,,,,,,,
,"TSD",13,,,,,,,,,,,,,,,,,,
,"EDOC",13,,,,,,,,,,,,,,,,,,
,"SCCC",13,,,,,,,,,,,,,,,,,,
,"PPDP",13,,,,,,,,,,,,,,,,,,
,"CHES",13,,,,,,,,,,,,,,,,,,
,"DSV-IS",13,,,,,,,,,,,,,,,,,,
,"ASIAN",13,,,,,,,,,,,,,,,,,,
,"Rendering Techniques",13,,,,,,,,,,,,,,,,,,
,"SPIN",13,,,,,,,,,,,,,,,,,,
,"ECML",13,,,,,,,,,,,,,,,,,,
,"ICICS",13,,,,,,,,,,,,,,,,,,
,"ICAIL",13,,,,,,,,,,,,,,,,,,
,"ACM Great Lakes Symposium on VLSI",13,,,,,,,,,,,,,,,,,,
,"HiPC",13,,,,,,,,,,,,,,,,,,
,"SI3D",13,,,,,,,,,,,,,,,,,,
,"BMVC",13,,,,,,,,,,,,,,,,,,
,"ECRTS",13,,,,,,,,,,,,,,,,,,
,"Information Hiding",13,,,,,,,,,,,,,,,,,,
,"ICPP Workshops",13,,,,,,,,,,,,,,,,,,
,"COORDINATION",13,,,,,,,,,,,,,,,,,,
,"PVM/MPI",13,,,,,,,,,,,,,,,,,,
,"ISCC",13,,,,,,,,,,,,,,,,,,
,"ISSTA",13,,,,,,,,,,,,,,,,,,
,"DaWaK",13,,,,,,,,,,,,,,,,,,
,"TABLEAUX",13,,,,,,,,,,,,,,,,,,
,"SIGAda",13,,,,,,,,,,,,,,,,,,
,"RTCSA",13,,,,,,,,,,,,,,,,,,
,"COLING",13,,,,,,,,,,,,,,,,,,
,"ISQED",13,,,,,,,,,,,,,,,,,,
,"ICFEM",13,,,,,,,,,,,,,,,,,,
,"NLDB",13,,,,,,,,,,,,,,,,,,
,"SIBGRAPI",13,,,,,,,,,,,,,,,,,,
,"SPIRE",13,,,,,,,,,,,,,,,,,,
,"ICPADS",13,,,,,,,,,,,,,,,,,,
,"ICISC",13,,,,,,,,,,,,,,,,,,
,"VR",13,,,,,,,,,,,,,,,,,,
,"ICCV",12,,,,,,,,,,,,,,,,,,
,"IFL",12,,,,,,,,,,,,,,,,,,
,"MSWiM",12,,,,,,,,,,,,,,,,,,
,"PAKDD",12,,,,,,,,,,,,,,,,,,
,"CT-RSA",12,,,,,,,,,,,,,,,,,,
,"TARK",12,,,,,,,,,,,,,,,,,,
,"EuroPLoP",12,,,,,,,,,,,,,,,,,,
,"PACT",12,,,,,,,,,,,,,,,,,,
,"CASES",12,,,,,,,,,,,,,,,,,,
,"EKAW",12,,,,,,,,,,,,,,,,,,
,"PRDC",12,,,,,,,,,,,,,,,,,,
,"WebDB",12,,,,,,,,,,,,,,,,,,
,"HASE",12,,,,,,,,,,,,,,,,,,
,"ISSRE",12,,,,,,,,,,,,,,,,,,
,"GI Jahrestagung (1)",12,,,,,,,,,,,,,,,,,,
,"PEARL",12,,,,,,,,,,,,,,,,,,
,"Data Compression Conference",12,,,,,,,,,,,,,,,,,,
,"GRID",12,,,,,,,,,,,,,,,,,,
,"SLIP",12,,,,,,,,,,,,,,,,,,
,"ELPUB",12,,,,,,,,,,,,,,,,,,
,"AIMSA",12,,,,,,,,,,,,,,,,,,
,"ACM Conference on Computer Science",12,,,,,,,,,,,,,,,,,,
,"EACL",12,,,,,,,,,,,,,,,,,,
,"COMPCON",12,,,,,,,,,,,,,,,,,,
,"SimVis",12,,,,,,,,,,,,,,,,,,
,"RoboCup",12,,,,,,,,,,,,,,,,,,
,"German Conference on Bioinformatics",12,,,,,,,,,,,,,,,,,,
,"EC-Web",12,,,,,,,,,,,,,,,,,,
,"ISMIR",12,,,,,,,,,,,,,,,,,,
,"AMAST",12,,,,,,,,,,,,,,,,,,
,"DBPL",12,,,,,,,,,,,,,,,,,,
,"Pacific Symposium on Biocomputing",12,,,,,,,,,,,,,,,,,,
,"INDOCRYPT",12,,,,,,,,,,,,,,,,,,
,"INTERSPEECH",12,,,,,,,,,,,,,,,,,,
,"CLUSTER",12,,,,,,,,,,,,,,,,,,
,"SWAT",12,,,,,,,,,,,,,,,,,,
,"GWAI",12,,,,,,,,,,,,,,,,,,
,"KR",12,,,,,,,,,,,,,,,,,,
,"CHI Extended Abstracts",12,,,,,,,,,,,,,,,,,,
,"GI Jahrestagung (2)",12,,,,,,,,,,,,,,,,,,
,"Essen Symposium",12,,,,,,,,,,,,,,,,,,
,"WWW",12,,,,,,,,,,,,,,,,,,
,"IPDPS",12,,,,,,,,,,,,,,,,,,
,"CIAA",12,,,,,,,,,,,,,,,,,,
,"SIGSOFT FSE",12,,,,,,,,,,,,,,,,,,
,"EMISA",12,,,,,,,,,,,,,,,,,,
,"MABS",12,,,,,,,,,,,,,,,,,,
,"FTCS",12,,,,,,,,,,,,,,,,,,
,"ACM Conference on Electronic Commerce",12,,,,,,,,,,,,,,,,,,
,"DSN",12,,,,,,,,,,,,,,,,,,
,"CSEE&T",12,,,,,,,,,,,,,,,,,,
,"MobiHoc",12,,,,,,,,,,,,,,,,,,
,"LPNMR",12,,,,,,,,,,,,,,,,,,
,"Web3D",12,,,,,,,,,,,,,,,,,,
,"WOWMOM",12,,,,,,,,,,,,,,,,,,
,"APLAS",12,,,,,,,,,,,,,,,,,,
,"Ubicomp",11,,,,,,,,,,,,,,,,,,
,"ISC",11,,,,,,,,,,,,,,,,,,
,"HIS",11,,,,,,,,,,,,,,,,,,
,"MMNS",11,,,,,,,,,,,,,,,,,,
,"ECIR",11,,,,,,,,,,,,,,,,,,
,"ACSD",11,,,,,,,,,,,,,,,,,,
,"WISE",11,,,,,,,,,,,,,,,,,,
,"DAIS",11,,,,,,,,,,,,,,,,,,
,"WABI",11,,,,,,,,,,,,,,,,,,
,"SBBD",11,,,,,,,,,,,,,,,,,,
,"Computers and Their Applications",11,,,,,,,,,,,,,,,,,,
,"DS-RT",11,,,,,,,,,,,,,,,,,,
,"Middleware",11,,,,,,,,,,,,,,,,,,
,"WSE",11,,,,,,,,,,,,,,,,,,
,"VL",11,,,,,,,,,,,,,,,,,,
,"BIBE",11,,,,,,,,,,,,,,,,,,
,"PROFES",11,,,,,,,,,,,,,,,,,,
,"Kommunikation in Verteilten Systemen",11,,,,,,,,,,,,,,,,,,
,"DGCI",11,,,,,,,,,,,,,,,,,,
,"JFPLC",11,,,,,,,,,,,,,,,,,,
,"DCFS",11,,,,,,,,,,,,,,,,,,
,"Peer-to-Peer Computing",11,,,,,,,,,,,,,,,,,,
,"EvoWorkshops",11,,,,,,,,,,,,,,,,,,
,"EJC",11,,,,,,,,,,,,,,,,,,
,"CCGRID",11,,,,,,,,,,,,,,,,,,
,"DNA",11,,,,,,,,,,,,,,,,,,
,"AOSE",11,,,,,,,,,,,,,,,,,,
,"PSTV",11,,,,,,,,,,,,,,,,,,
,"PATMOS",11,,,,,,,,,,,,,,,,,,
,"EPIA",11,,,,,,,,,,,,,,,,,,
,"POLICY",11,,,,,,,,,,,,,,,,,,
,"DSOM",11,,,,,,,,,,,,,,,,,,
,"ICDM",11,,,,,,,,,,,,,,,,,,
,"ECOOP Workshops",11,,,,,,,,,,,,,,,,,,
,"ISER",11,,,,,,,,,,,,,,,,,,
,"FOGA",11,,,,,,,,,,,,,,,,,,
,"PKDD",11,,,,,,,,,,,,,,,,,,
,"SCM",11,,,,,,,,,,,,,,,,,,
,"JCDL",11,,,,,,,,,,,,,,,,,,
,"JISBD",11,,,,,,,,,,,,,,,,,,
,"SAINT",11,,,,,,,,,,,,,,,,,,
,"CLEF",11,,,,,,,,,,,,,,,,,,
,"LCTES",11,,,,,,,,,,,,,,,,,,
,"ECSCW",11,,,,,,,,,,,,,,,,,,
,"ICDCS Workshops",11,,,,,,,,,,,,,,,,,,
,"SACMAT",11,,,,,,,,,,,,,,,,,,
,"VMCAI",11,,,,,,,,,,,,,,,,,,
,"INFOVIS",11,,,,,,,,,,,,,,,,,,
,"GECCO",11,,,,,,,,,,,,,,,,,,
,"ICATPN",11,,,,,,,,,,,,,,,,,,
,"EUROCAST",11,,,,,,,,,,,,,,,,,,
,"SCAM",11,,,,,,,,,,,,,,,,,,
,"ACM SIGOPS European Workshop",11,,,,,,,,,,,,,,,,,,
,"AI*IA",11,,,,,,,,,,,,,,,,,,
,"AOSD",11,,,,,,,,,,,,,,,,,,
,"JELIA",11,,,,,,,,,,,,,,,,,,
,"ACSC",11,,,,,,,,,,,,,,,,,,
,"DSD",11,,,,,,,,,,,,,,,,,,
,"ISI",11,,,,,,,,,,,,,,,,,,
,"CIA",11,,,,,,,,,,,,,,,,,,
,"IEEE International Workshop on Rapid System Prototyping",11,,,,,,,,,,,,,,,,,,
,"Digital Rights Management Workshop",11,,,,,,,,,,,,,,,,,,
,"EGC",11,,,,,,,,,,,,,,,,,,
,"ISPW",11,,,,,,,,,,,,,,,,,,
,"ACM Symposium on Document Engineering",11,,,,,,,,,,,,,,,,,,
,"EMSOFT",11,,,,,,,,,,,,,,,,,,
,"IDEAL",11,,,,,,,,,,,,,,,,,,
,"ICMI",10,,,,,,,,,,,,,,,,,,
,"ISMAR",10,,,,,,,,,,,,,,,,,,
,"DG.O",10,,,,,,,,,,,,,,,,,,
,"IC-AI",10,,,,,,,,,,,,,,,,,,
,"CICLing",10,,,,,,,,,,,,,,,,,,
,"NetWORKing",10,,,,,,,,,,,,,,,,,,
,"TLCA",10,,,,,,,,,,,,,,,,,,
,"Integrated Network Management",10,,,,,,,,,,,,,,,,,,
,"SPLC",10,,,,,,,,,,,,,,,,,,
,"PRIS",10,,,,,,,,,,,,,,,,,,
,"Australian Software Engineering Conference",10,,,,,,,,,,,,,,,,,,
,"LATIN",10,,,,,,,,,,,,,,,,,,
,"IEEE Real Time Technology and Applications Symposium",10,,,,,,,,,,,,,,,,,,
,"NCA",10,,,,,,,,,,,,,,,,,,
,"CAINE",10,,,,,,,,,,,,,,,,,,
,"PerCom",10,,,,,,,,,,,,,,,,,,
,"ICCBR",10,,,,,,,,,,,,,,,,,,
,"Erlang Workshop",10,,,,,,,,,,,,,,,,,,
,"Mobile HCI",10,,,,,,,,,,,,,,,,,,
,"IPMI",10,,,,,,,,,,,,,,,,,,
,"WOA",10,,,,,,,,,,,,,,,,,,
,"PASTE",10,,,,,,,,,,,,,,,,,,
,"KRDB",10,,,,,,,,,,,,,,,,,,
,"PPSN",10,,,,,,,,,,,,,,,,,,
,"IRI",10,,,,,,,,,,,,,,,,,,
,"C5",10,,,,,,,,,,,,,,,,,,
,"ICEIS (1)",10,,,,,,,,,,,,,,,,,,
,"ISVLSI",10,,,,,,,,,,,,,,,,,,
,"EGOV",10,,,,,,,,,,,,,,,,,,
,"MMM",10,,,,,,,,,,,,,,,,,,
,"Web Intelligence",10,,,,,,,,,,,,,,,,,,
,"AIPR",10,,,,,,,,,,,,,,,,,,
,"IQ",10,,,,,,,,,,,,,,,,,,
,"DCC",10,,,,,,,,,,,,,,,,,,
,"IPSN",10,,,,,,,,,,,,,,,,,,
,"RAID",10,,,,,,,,,,,,,,,,,,
,"FMCAD",10,,,,,,,,,,,,,,,,,,
,"ICOIN",10,,,,,,,,,,,,,,,,,,
,"XP",10,,,,,,,,,,,,,,,,,,
,"ICALT",10,,,,,,,,,,,,,,,,,,
,"WDAG",10,,,,,,,,,,,,,,,,,,
,"International Conference on Internet Computing",10,,,,,,,,,,,,,,,,,,
,"ESAW",10,,,,,,,,,,,,,,,,,,
,"CVPR",10,,,,,,,,,,,,,,,,,,
,"ICWL",10,,,,,,,,,,,,,,,,,,
,"DEXA Workshops",10,,,,,,,,,,,,,,,,,,
,"ASSETS",10,,,,,,,,,,,,,,,,,,
,"ISPASS",10,,,,,,,,,,,,,,,,,,
,"VMV",10,,,,,,,,,,,,,,,,,,
,"SDM",10,,,,,,,,,,,,,,,,,,
,"MPC",10,,,,,,,,,,,,,,,,,,
,"COSIT",10,,,,,,,,,,,,,,,,,,
,"BCS HCI",10,,,,,,,,,,,,,,,,,,
,"GPCE",10,,,,,,,,,,,,,,,,,,
,"ICEIS (2)",10,,,,,,,,,,,,,,,,,,
,"NETGAMES",10,,,,,,,,,,,,,,,,,,
,"ISMB",10,,,,,,,,,,,,,,,,,,
,"ECCV (2)",9,,,,,,,,,,,,,,,,,,
,"iiWAS",9,,,,,,,,,,,,,,,,,,
,"CORIA",9,,,,,,,,,,,,,,,,,,
,"SFM",9,,,,,,,,,,,,,,,,,,
,"ACNS",9,,,,,,,,,,,,,,,,,,
,"ICES",9,,,,,,,,,,,,,,,,,,
,"WAIM",9,,,,,,,,,,,,,,,,,,
,"SenSys",9,,,,,,,,,,,,,,,,,,
,"CAIP",9,,,,,,,,,,,,,,,,,,
,"CW",9,,,,,,,,,,,,,,,,,,
,"IWQoS",9,,,,,,,,,,,,,,,,,,
,"GIS",9,,,,,,,,,,,,,,,,,,
,"KES (1)",9,,,,,,,,,,,,,,,,,,
,"CLIMA",9,,,,,,,,,,,,,,,,,,
,"MobiSys",9,,,,,,,,,,,,,,,,,,
,"ICCCN",9,,,,,,,,,,,,,,,,,,
,"FAST",9,,,,,,,,,,,,,,,,,,
,"ICGI",9,,,,,,,,,,,,,,,,,,
,"ICME",9,,,,,,,,,,,,,,,,,,
,"ICIP (2)",9,,,,,,,,,,,,,,,,,,
,"CoopIS",9,,,,,,,,,,,,,,,,,,
,"ICADL",9,,,,,,,,,,,,,,,,,,
,"EWSN",9,,,,,,,,,,,,,,,,,,
,"W4A",9,,,,,,,,,,,,,,,,,,
,"TCC",9,,,,,,,,,,,,,,,,,,
,"Modellierung",9,,,,,,,,,,,,,,,,,,
,"WISA",9,,,,,,,,,,,,,,,,,,
,"CPAIOR",9,,,,,,,,,,,,,,,,,,
,"Privacy Enhancing Technologies",9,,,,,,,,,,,,,,,,,,
,"IDA",9,,,,,,,,,,,,,,,,,,
,"OSDI",9,,,,,,,,,,,,,,,,,,
,"SEFM",9,,,,,,,,,,,,,,,,,,
,"ISSS",9,,,,,,,,,,,,,,,,,,
,"WWIC",9,,,,,,,,,,,,,,,,,,
,"IOLTS",9,,,,,,,,,,,,,,,,,,
,"Software Engineering",9,,,,,,,,,,,,,,,,,,
,"IHM",9,,,,,,,,,,,,,,,,,,
,"AMCIS",9,,,,,,,,,,,,,,,,,,
,"SERA",9,,,,,,,,,,,,,,,,,,
,"PADS",9,,,,,,,,,,,,,,,,,,
,"CAAP",9,,,,,,,,,,,,,,,,,,
,"Smart Graphics",9,,,,,,,,,,,,,,,,,,
,"ISPA",9,,,,,,,,,,,,,,,,,,
,"VAST",9,,,,,,,,,,,,,,,,,,
,"ICWS",9,,,,,,,,,,,,,,,,,,
,"IAAI",9,,,,,,,,,,,,,,,,,,
,"RIDE",9,,,,,,,,,,,,,,,,,,
,"ICDAR",9,,,,,,,,,,,,,,,,,,
,"ADC",9,,,,,,,,,,,,,,,,,,
,"WAOA",9,,,,,,,,,,,,,,,,,,
,"ISPAN",9,,,,,,,,,,,,,,,,,,
,"ISMM",9,,,,,,,,,,,,,,,,,,
,"Pervasive",9,,,,,,,,,,,,,,,,,,
,"DeLFI",9,,,,,,,,,,,,,,,,,,
,"OOIS",9,,,,,,,,,,,,,,,,,,
,"MobiDE",9,,,,,,,,,,,,,,,,,,
,"CODES+ISSS",9,,,,,,,,,,,,,,,,,,
,"KES (2)",9,,,,,,,,,,,,,,,,,,
,"EUROMICRO",9,,,,,,,,,,,,,,,,,,
,"SBAC-PAD",9,,,,,,,,,,,,,,,,,,
,"ICCSA (2)",9,,,,,,,,,,,,,,,,,,
,"RIAO",9,,,,,,,,,,,,,,,,,,
,"PLILP",9,,,,,,,,,,,,,,,,,,
,"MICCAI (1)",9,,,,,,,,,,,,,,,,,,
,"ISCAS",9,,,,,,,,,,,,,,,,,,
,"ACM Symposium on User Interface Software and Technology",9,,,,,,,,,,,,,,,,,,
,"IAT",9,,,,,,,,,,,,,,,,,,
,"GLDV-Jahrestagung",9,,,,,,,,,,,,,,,,,,
,"IWDW",9,,,,,,,,,,,,,,,,,,
,"IEEE PACT",9,,,,,,,,,,,,,,,,,,
,"ICWE",9,,,,,,,,,,,,,,,,,,
,"MVA",9,,,,,,,,,,,,,,,,,,
,"ICAPS",9,,,,,,,,,,,,,,,,,,
,"MICCAI (2)",9,,,,,,,,,,,,,,,,,,
,"WPES",9,,,,,,,,,,,,,,,,,,
,"ECCV (1)",9,,,,,,,,,,,,,,,,,,
,"WIDM",9,,,,,,,,,,,,,,,,,,
,"NPAR",9,,,,,,,,,,,,,,,,,,
,"SPLT",9,,,,,,,,,,,,,,,,,,
,"FMCO",9,,,,,,,,,,,,,,,,,,
,"DALT",9,,,,,,,,,,,,,,,,,,
,"I3E",9,,,,,,,,,,,,,,,,,,
,"ADT",9,,,,,,,,,,,,,,,,,,
,"IMR",9,,,,,,,,,,,,,,,,,,
,"IEEE METRICS",9,,,,,,,,,,,,,,,,,,
,"ICIP (3)",9,,,,,,,,,,,,,,,,,,
,"CIARP",9,,,,,,,,,,,,,,,,,,
,"RelMiCS",9,,,,,,,,,,,,,,,,,,
,"AFIPS National Computer Conference",9,,,,,,,,,,,,,,,,,,
,"SAT",9,,,,,,,,,,,,,,,,,,
,"WADT",9,,,,,,,,,,,,,,,,,,
,"AMS",9,,,,,,,,,,,,,,,,,,
,"FDL",9,,,,,,,,,,,,,,,,,,
,"CIVR",9,,,,,,,,,,,,,,,,,,
,"ESTImedia",9,,,,,,,,,,,,,,,,,,
,"ECSQARU",9,,,,,,,,,,,,,,,,,,
,"FMLDO",9,,,,,,,,,,,,,,,,,,
,"Communications and Multimedia Security",9,,,,,,,,,,,,,,,,,,
,"ICMLA",9,,,,,,,,,,,,,,,,,,
,"IPTPS",9,,,,,,,,,,,,,,,,,,
,"MATES",9,,,,,,,,,,,,,,,,,,
,"Pacific Conference on Computer Graphics and Applications",9,,,,,,,,,,,,,,,,,,
,"ICCSA (1)",9,,,,,,,,,,,,,,,,,,
,"GI-Fachgespräch über Rechenzentren",9,,,,,,,,,,,,,,,,,,
,"IEEE ICCI",9,,,,,,,,,,,,,,,,,,
,"ICEIS (4)",9,,,,,,,,,,,,,,,,,,
,"ICIP (1)",9,,,,,,,,,,,,,,,,,,
,"FQAS",9,,,,,,,,,,,,,,,,,,
,"RuleML",9,,,,,,,,,,,,,,,,,,
,"QSIC",9,,,,,,,,,,,,,,,,,,
,"IVA",9,,,,,,,,,,,,,,,,,,
,"EvoCOP",9,,,,,,,,,,,,,,,,,,
,"PPSC",9,,,,,,,,,,,,,,,,,,
,"ICARIS",9,,,,,,,,,,,,,,,,,,
,"Computer Graphics International",9,,,,,,,,,,,,,,,,,,
,"ADHOC-NOW",9,,,,,,,,,,,,,,,,,,
,"MEMOCODE",9,,,,,,,,,,,,,,,,,,
,"SCAI",9,,,,,,,,,,,,,,,,,,
,"Conf. Computing Frontiers",9,,,,,,,,,,,,,,,,,,
,"ACM-GIS",9,,,,,,,,,,,,,,,,,,
,"SWAT (FOCS)",9,,,,,,,,,,,,,,,,,,
,"MTV",9,,,,,,,,,,,,,,,,,,
,"ANTS",9,,,,,,,,,,,,,,,,,,
,"CGO",9,,,,,,,,,,,,,,,,,,
,"ALENEX",9,,,,,,,,,,,,,,,,,,
,"CARDIS",9,,,,,,,,,,,,,,,,,,
,"ICEC",9,,,,,,,,,,,,,,,,,,
,"PRICAI",8,,,,,,,,,,,,,,,,,,
,"CDVE",8,,,,,,,,,,,,,,,,,,
,"MICAI",8,,,,,,,,,,,,,,,,,,
,"PDCAT",8,,,,,,,,,,,,,,,,,,
,"HPCS",8,,,,,,,,,,,,,,,,,,
,"CSCWD",8,,,,,,,,,,,,,,,,,,
,"TrustBus",8,,,,,,,,,,,,,,,,,,
,"CODES",8,,,,,,,,,,,,,,,,,,
,"ICSOC",8,,,,,,,,,,,,,,,,,,
,"ISPDC",8,,,,,,,,,,,,,,,,,,
,"ICEIS (3)",8,,,,,,,,,,,,,,,,,,
,"ICDCIT",8,,,,,,,,,,,,,,,,,,
,"ICSR",8,,,,,,,,,,,,,,,,,,
,"ML",8,,,,,,,,,,,,,,,,,,
,"EDCC",8,,,,,,,,,,,,,,,,,,
,"Humanoids",8,,,,,,,,,,,,,,,,,,
,"SDL Forum",8,,,,,,,,,,,,,,,,,,
,"SCOPES",8,,,,,,,,,,,,,,,,,,
,"Security and Management",8,,,,,,,,,,,,,,,,,,
,"DATESO",8,,,,,,,,,,,,,,,,,,
,"IWOMP",8,,,,,,,,,,,,,,,,,,
,"Intelligent Tutoring Systems",8,,,,,,,,,,,,,,,,,,
,"Shape Modeling International",8,,,,,,,,,,,,,,,,,,
,"ISNN (2)",8,,,,,,,,,,,,,,,,,,
,"SNPD",8,,,,,,,,,,,,,,,,,,
,"ICAC",8,,,,,,,,,,,,,,,,,,
,"ICIP",8,,,,,,,,,,,,,,,,,,
,"EGPGV",8,,,,,,,,,,,,,,,,,,
,"PAM ",8,,,,,,,,,,,,,,,,,,
,"QEST",8,,,,,,,,,,,,,,,,,,
,"PROMAS",8,,,,,,,,,,,,,,,,,,
,"Vehicular Ad Hoc Networks",8,,,,,,,,,,,,,,,,,,
,"IFIP Congress",8,,,,,,,,,,,,,,,,,,
,"ICEIS",8,,,,,,,,,,,,,,,,,,
,"AINA",8,,,,,,,,,,,,,,,,,,
,"Secure Data Management",8,,,,,,,,,,,,,,,,,,
,"IKE",8,,,,,,,,,,,,,,,,,,
,"GIL Jahrestagung",8,,,,,,,,,,,,,,,,,,
,"FORMATS",8,,,,,,,,,,,,,,,,,,
,"GROUP",8,,,,,,,,,,,,,,,,,,
,"VLSI-SoC",8,,,,,,,,,,,,,,,,,,
,"CMSB",8,,,,,,,,,,,,,,,,,,
,"Software Engineering Research and Practice",8,,,,,,,,,,,,,,,,,,
,"PE-WASUN",8,,,,,,,,,,,,,,,,,,
,"IPCCC",8,,,,,,,,,,,,,,,,,,
,"ATVA",8,,,,,,,,,,,,,,,,,,
,"MUM",8,,,,,,,,,,,,,,,,,,
,"ISPEC",8,,,,,,,,,,,,,,,,,,
,"AH",8,,,,,,,,,,,,,,,,,,
,"APWeb",8,,,,,,,,,,,,,,,,,,
,"ICTAC",8,,,,,,,,,,,,,,,,,,
,"SIGITE Conference",8,,,,,,,,,,,,,,,,,,
,"SEUH",8,,,,,,,,,,,,,,,,,,
,"LMO",8,,,,,,,,,,,,,,,,,,
,"IEEE Real-Time and Embedded Technology and Applications Symposium",8,,,,,,,,,,,,,,,,,,
,"ATMOS",8,,,,,,,,,,,,,,,,,,
,"GREC",8,,,,,,,,,,,,,,,,,,
,"USENIX Annual Technical Conference, General Track",8,,,,,,,,,,,,,,,,,,
,"Structure in Complexity Theory Conference",8,,,,,,,,,,,,,,,,,,
,"VL/HCC",8,,,,,,,,,,,,,,,,,,
,"SBCCI",8,,,,,,,,,,,,,,,,,,
,"OOPSLA Companion",8,,,,,,,,,,,,,,,,,,
,"PARA",8,,,,,,,,,,,,,,,,,,
,"EWSPT",8,,,,,,,,,,,,,,,,,,
,"ICFCA",8,,,,,,,,,,,,,,,,,,
,"IWPC",8,,,,,,,,,,,,,,,,,,
,"ISSA",8,,,,,,,,,,,,,,,,,,
,"PerCom Workshops",8,,,,,,,,,,,,,,,,,,
,"Artificial Evolution",8,,,,,,,,,,,,,,,,,,
,"LSSC",8,,,,,,,,,,,,,,,,,,
,"Performance",8,,,,,,,,,,,,,,,,,,
,"ISNN (1)",8,,,,,,,,,,,,,,,,,,
,"Advances in Computer Entertainment Technology",8,,,,,,,,,,,,,,,,,,
,"IMA Int. Conf.",8,,,,,,,,,,,,,,,,,,
,"ER (Workshops)",8,,,,,,,,,,,,,,,,,,
,"EuroPKI",8,,,,,,,,,,,,,,,,,,
,"EMMCVPR",8,,,,,,,,,,,,,,,,,,
,"EuroSPI",8,,,,,,,,,,,,,,,,,,
,"CNSR",8,,,,,,,,,,,,,,,,,,
,"Hot Interconnects",8,,,,,,,,,,,,,,,,,,
,"IMA Conference on the Mathematics of Surfaces",8,,,,,,,,,,,,,,,,,,
,"FMOODS",8,,,,,,,,,,,,,,,,,,
,"CBSE",8,,,,,,,,,,,,,,,,,,
,"DIMVA",8,,,,,,,,,,,,,,,,,,
,"ECOWS",8,,,,,,,,,,,,,,,,,,
,"IICS",8,,,,,,,,,,,,,,,,,,
,"FOSAD",8,,,,,,,,,,,,,,,,,,
,"MDAI",8,,,,,,,,,,,,,,,,,,
,"W2GIS",8,,,,,,,,,,,,,,,,,,
,"AAMAS",8,,,,,,,,,,,,,,,,,,
,"CRV",8,,,,,,,,,,,,,,,,,,
,"IFM",8,,,,,,,,,,,,,,,,,,
,"ISBI",8,,,,,,,,,,,,,,,,,,
,"IAS",8,,,,,,,,,,,,,,,,,,
,"APPROX-RANDOM",8,,,,,,,,,,,,,,,,,,
,"VECPAR",8,,,,,,,,,,,,,,,,,,
,"VEE",8,,,,,,,,,,,,,,,,,,
,"JFSMA",8,,,,,,,,,,,,,,,,,,
,"AICCSA",8,,,,,,,,,,,,,,,,,,
,"AIME",8,,,,,,,,,,,,,,,,,,
,"PPPJ",8,,,,,,,,,,,,,,,,,,
,"Automated Deduction in Geometry",8,,,,,,,,,,,,,,,,,,
,"APGV",8,,,,,,,,,,,,,,,,,,
,"CCIA",8,,,,,,,,,,,,,,,,,,
,"Gesture Workshop",8,,,,,,,,,,,,,,,,,,
,"CIT",7,,,,,,,,,,,,,,,,,,
,"Mobile Data Management",7,,,,,,,,,,,,,,,,,,
,"ALGOSENSORS",7,,,,,,,,,,,,,,,,,,
,"MLMI",7,,,,,,,,,,,,,,,,,,
,"ICISS",7,,,,,,,,,,,,,,,,,,
,"FIW",7,,,,,,,,,,,,,,,,,,
,"Multimedia Information Retrieval",7,,,,,,,,,,,,,,,,,,
,"SoMeT",7,,,,,,,,,,,,,,,,,,
,"Hybrid Metaheuristics",7,,,,,,,,,,,,,,,,,,
,"APMS",7,,,,,,,,,,,,,,,,,,
,"Advances in Modal Logic",7,,,,,,,,,,,,,,,,,,
,"REFSQ",7,,,,,,,,,,,,,,,,,,
,"Software Composition",7,,,,,,,,,,,,,,,,,,
,"Software-Ergonomie",7,,,,,,,,,,,,,,,,,,
,"CHINZ",7,,,,,,,,,,,,,,,,,,
,"FG",7,,,,,,,,,,,,,,,,,,
,"CiE",7,,,,,,,,,,,,,,,,,,
,"PWC",7,,,,,,,,,,,,,,,,,,
,"WIRN",7,,,,,,,,,,,,,,,,,,
,"HPCC",7,,,,,,,,,,,,,,,,,,
,"CHARME",7,,,,,,,,,,,,,,,,,,
,"AUIC",7,,,,,,,,,,,,,,,,,,
,"IWAN",7,,,,,,,,,,,,,,,,,,
,"Document Analysis Systems",7,,,,,,,,,,,,,,,,,,
,"JURIX",7,,,,,,,,,,,,,,,,,,
,"ETRA",7,,,,,,,,,,,,,,,,,,
,"DaMoN",7,,,,,,,,,,,,,,,,,,
,"GeoInfo",7,,,,,,,,,,,,,,,,,,
,"Adaptive Multimedia Retrieval",7,,,,,,,,,,,,,,,,,,
,"ICIC (1)",7,,,,,,,,,,,,,,,,,,
,"DRR",7,,,,,,,,,,,,,,,,,,
,"DCOSS",7,,,,,,,,,,,,,,,,,,
,"Multimedia Information Systems",7,,,,,,,,,,,,,,,,,,
,"AINTEC",7,,,,,,,,,,,,,,,,,,
,"KES (3)",7,,,,,,,,,,,,,,,,,,
,"OTM Conferences (2)",7,,,,,,,,,,,,,,,,,,
,"ANCS",7,,,,,,,,,,,,,,,,,,
,"GPC",7,,,,,,,,,,,,,,,,,,
,"RTSS",7,,,,,,,,,,,,,,,,,,
,"Mensch & Computer",7,,,,,,,,,,,,,,,,,,
,"MTDT",7,,,,,,,,,,,,,,,,,,
,"Computers and Games",7,,,,,,,,,,,,,,,,,,
,"Spatial Cognition",7,,,,,,,,,,,,,,,,,,
,"UC",7,,,,,,,,,,,,,,,,,,
,"SBRN",7,,,,,,,,,,,,,,,,,,
,"HCI (2)",7,,,,,,,,,,,,,,,,,,
,"NPC",7,,,,,,,,,,,,,,,,,,
,"Workshop on Membrane Computing",7,,,,,,,,,,,,,,,,,,
,"XSym",7,,,,,,,,,,,,,,,,,,
,"WICSA",7,,,,,,,,,,,,,,,,,,
,"DEXA Workshop",7,,,,,,,,,,,,,,,,,,
,"FTRTFT",7,,,,,,,,,,,,,,,,,,
,"ATAL",7,,,,,,,,,,,,,,,,,,
,"IEEE Symposium on Mass Storage Systems",7,,,,,,,,,,,,,,,,,,
,"CSEE",7,,,,,,,,,,,,,,,,,,
,"FME",7,,,,,,,,,,,,,,,,,,
,"ACRI",7,,,,,,,,,,,,,,,,,,
,"DNIS",7,,,,,,,,,,,,,,,,,,
,"FLOPS",7,,,,,,,,,,,,,,,,,,
,"Afrigraph",7,,,,,,,,,,,,,,,,,,
,"CA",7,,,,,,,,,,,,,,,,,,
,"TAMC",7,,,,,,,,,,,,,,,,,,
,"SYNASC",7,,,,,,,,,,,,,,,,,,
,"GrC",7,,,,,,,,,,,,,,,,,,
,"RIVF",7,,,,,,,,,,,,,,,,,,
,"USENIX Security Symposium",7,,,,,,,,,,,,,,,,,,
,"CGIV",7,,,,,,,,,,,,,,,,,,
,"TLDI",7,,,,,,,,,,,,,,,,,,
,"Ershov Memorial Conference",7,,,,,,,,,,,,,,,,,,
,"FoIKS",7,,,,,,,,,,,,,,,,,,
,"NOMS",7,,,,,,,,,,,,,,,,,,
,"WOSIS",7,,,,,,,,,,,,,,,,,,
,"MSN",7,,,,,,,,,,,,,,,,,,
,"DICTA",7,,,,,,,,,,,,,,,,,,
,"CLIN",7,,,,,,,,,,,,,,,,,,
,"Symposium on Solid Modeling and Applications",7,,,,,,,,,,,,,,,,,,
,"HCI (1)",7,,,,,,,,,,,,,,,,,,
,"POS",7,,,,,,,,,,,,,,,,,,
,"ERSA",7,,,,,,,,,,,,,,,,,,
,"NGITS",7,,,,,,,,,,,,,,,,,,
,"Robotics: Science and Systems",7,,,,,,,,,,,,,,,,,,
,"IFIP Int. Conf. Digital Forensics",7,,,,,,,,,,,,,,,,,,
,"LPE",7,,,,,,,,,,,,,,,,,,
,"USENIX Annual Technical Conference, FREENIX Track",7,,,,,,,,,,,,,,,,,,
,"OTM Conferences (1)",7,,,,,,,,,,,,,,,,,,
,"INEX",7,,,,,,,,,,,,,,,,,,
,"ISADS",7,,,,,,,,,,,,,,,,,,
,"ARC",7,,,,,,,,,,,,,,,,,,
,"ICVS",7,,,,,,,,,,,,,,,,,,
,"COMAD",7,,,,,,,,,,,,,,,,,,
,"Haskell",7,,,,,,,,,,,,,,,,,,
,"AIIDE",7,,,,,,,,,,,,,,,,,,
,"ICSC",7,,,,,,,,,,,,,,,,,,
,"CPR",7,,,,,,,,,,,,,,,,,,
,"DILS",7,,,,,,,,,,,,,,,,,,
,"ISCIS",7,,,,,,,,,,,,,,,,,,
,"IPPS",7,,,,,,,,,,,,,,,,,,
,"MLDM",7,,,,,,,,,,,,,,,,,,
,"ICANN (2)",7,,,,,,,,,,,,,,,,,,
,"NSDI",7,,,,,,,,,,,,,,,,,,
,"Int. Sym. Wikis",7,,,,,,,,,,,,,,,,,,
,"ICIC (2)",7,,,,,,,,,,,,,,,,,,
,"MOBIWAC",7,,,,,,,,,,,,,,,,,,
,"MMS",7,,,,,,,,,,,,,,,,,,
,"WCET",7,,,,,,,,,,,,,,,,,,
,"CANS",7,,,,,,,,,,,,,,,,,,
,"IROS",7,,,,,,,,,,,,,,,,,,
,"LANOMS",7,,,,,,,,,,,,,,,,,,
,"OTM Workshops",7,,,,,,,,,,,,,,,,,,
,"ICGA",7,,,,,,,,,,,,,,,,,,
,"MASS",7,,,,,,,,,,,,,,,,,,
,"WISE Workshops",7,,,,,,,,,,,,,,,,,,
,"BIS",7,,,,,,,,,,,,,,,,,,
,"HPCN Europe",7,,,,,,,,,,,,,,,,,,
,"CIG",7,,,,,,,,,,,,,,,,,,
,"UML",7,,,,,,,,,,,,,,,,,,
,"ICANN (1)",7,,,,,,,,,,,,,,,,,,
,"CSCLP",7,,,,,,,,,,,,,,,,,,
,"PuK",7,,,,,,,,,,,,,,,,,,
,"WINE",7,,,,,,,,,,,,,,,,,,
,"International Semantic Web Conference",7,,,,,,,,,,,,,,,,,,
,"DMSN",7,,,,,,,,,,,,,,,,,,
,"ENTER",7,,,,,,,,,,,,,,,,,,
,"VISUAL",7,,,,,,,,,,,,,,,,,,
,"SSPR/SPR",7,,,,,,,,,,,,,,,,,,
,"EuroSys",7,,,,,,,,,,,,,,,,,,
,"ICIAP",7,,,,,,,,,,,,,,,,,,
,"ArgMAS",7,,,,,,,,,,,,,,,,,,
,"Reasoning Web",7,,,,,,,,,,,,,,,,,,
,"Symposium on Computer Animation",7,,,,,,,,,,,,,,,,,,
,"SBIA",7,,,,,,,,,,,,,,,,,,
,"International Conference on Supercomputing",7,,,,,,,,,,,,,,,,,,
,"Australasian Database Conference",7,,,,,,,,,,,,,,,,,,
,"APCCM",7,,,,,,,,,,,,,,,,,,
,"CIBCB",7,,,,,,,,,,,,,,,,,,
,"MSR",7,,,,,,,,,,,,,,,,,,
,"ICPP (1)",7,,,,,,,,,,,,,,,,,,
,"ICCSA (3)",7,,,,,,,,,,,,,,,,,,
,"IEEE SCC",7,,,,,,,,,,,,,,,,,,
,"EUROMICRO-SEAA",7,,,,,,,,,,,,,,,,,,
,"HRI",7,,,,,,,,,,,,,,,,,,
,"Evolvable Hardware",7,,,,,,,,,,,,,,,,,,
,"SIGCPR",6,,,,,,,,,,,,,,,,,,
,"GfKl",6,,,,,,,,,,,,,,,,,,
,"EMO",6,,,,,,,,,,,,,,,,,,
,"Business Process Management Workshops",6,,,,,,,,,,,,,,,,,,
,"3DIM",6,,,,,,,,,,,,,,,,,,
,"SSD",6,,,,,,,,,,,,,,,,,,
,"EPEW",6,,,,,,,,,,,,,,,,,,
,"IRCDL",6,,,,,,,,,,,,,,,,,,
,"SARA",6,,,,,,,,,,,,,,,,,,
,"ICDIM",6,,,,,,,,,,,,,,,,,,
,"CONIELECOMP",6,,,,,,,,,,,,,,,,,,
,"URSW",6,,,,,,,,,,,,,,,,,,
,"CIAC",6,,,,,,,,,,,,,,,,,,
,"HCC",6,,,,,,,,,,,,,,,,,,
,"MSV",6,,,,,,,,,,,,,,,,,,
,"USENIX Winter",6,,,,,,,,,,,,,,,,,,
,"DDECS",6,,,,,,,,,,,,,,,,,,
,"NIME",6,,,,,,,,,,,,,,,,,,
,"SECRYPT",6,,,,,,,,,,,,,,,,,,
,"HLT-NAACL",6,,,,,,,,,,,,,,,,,,
,"ICGSE",6,,,,,,,,,,,,,,,,,,
,"AAIM",6,,,,,,,,,,,,,,,,,,
,"GCA",6,,,,,,,,,,,,,,,,,,
,"Berkeley Workshop",6,,,,,,,,,,,,,,,,,,
,"ExaCt",6,,,,,,,,,,,,,,,,,,
,"ISCAS (1)",6,,,,,,,,,,,,,,,,,,
,"ICSAMOS",6,,,,,,,,,,,,,,,,,,
,"FroCos",6,,,,,,,,,,,,,,,,,,
,"EUROSPEECH",6,,,,,,,,,,,,,,,,,,
,"ICCBSS",6,,,,,,,,,,,,,,,,,,
,"MAAMAW",6,,,,,,,,,,,,,,,,,,
,"WS-FM",6,,,,,,,,,,,,,,,,,,
,"GLOBECOM",6,,,,,,,,,,,,,,,,,,
,"MoDELS",6,,,,,,,,,,,,,,,,,,
,"GCC",6,,,,,,,,,,,,,,,,,,
,"ECAL",6,,,,,,,,,,,,,,,,,,
,"VTC Fall",6,,,,,,,,,,,,,,,,,,
,"APSCC",6,,,,,,,,,,,,,,,,,,
,"ICDE Workshops",6,,,,,,,,,,,,,,,,,,
,"DEBS",6,,,,,,,,,,,,,,,,,,
,"Advances in Computer Graphics",6,,,,,,,,,,,,,,,,,,
,"ACIS-ICIS",6,,,,,,,,,,,,,,,,,,
,"PICS",6,,,,,,,,,,,,,,,,,,
,"ISTA",6,,,,,,,,,,,,,,,,,,
,"CEAS",6,,,,,,,,,,,,,,,,,,
,"FUZZ-IEEE",6,,,,,,,,,,,,,,,,,,
,"Diagrams",6,,,,,,,,,,,,,,,,,,
,"AVSS",6,,,,,,,,,,,,,,,,,,
,"ISM",6,,,,,,,,,,,,,,,,,,
,"BSB",6,,,,,,,,,,,,,,,,,,
,"IWFM",6,,,,,,,,,,,,,,,,,,
,"APBC",6,,,,,,,,,,,,,,,,,,
,"CSR",6,,,,,,,,,,,,,,,,,,
,"Fachtagung über Programmiersprachen",6,,,,,,,,,,,,,,,,,,
,"IFIP TCS",6,,,,,,,,,,,,,,,,,,
,"ARCS Workshops",6,,,,,,,,,,,,,,,,,,
,"IEEE VAST",6,,,,,,,,,,,,,,,,,,
,"FDTC",6,,,,,,,,,,,,,,,,,,
,"DMKD",6,,,,,,,,,,,,,,,,,,
,"WiMob",6,,,,,,,,,,,,,,,,,,
,"EUC",6,,,,,,,,,,,,,,,,,,
,"SIGMAP",6,,,,,,,,,,,,,,,,,,
,"BIOSIG",6,,,,,,,,,,,,,,,,,,
,"PRIB",6,,,,,,,,,,,,,,,,,,
,"CTW",6,,,,,,,,,,,,,,,,,,
,"WEBIST (Selected Papers)",6,,,,,,,,,,,,,,,,,,
,"TPCG",6,,,,,,,,,,,,,,,,,,
,"CASC",6,,,,,,,,,,,,,,,,,,
,"Fuzzy Days",6,,,,,,,,,,,,,,,,,,
,"ADL",6,,,,,,,,,,,,,,,,,,
,"Formal Aspects in Security and Trust",6,,,,,,,,,,,,,,,,,,
,"EC-TEL",6,,,,,,,,,,,,,,,,,,
,"PST",6,,,,,,,,,,,,,,,,,,
,"ISVC (1)",6,,,,,,,,,,,,,,,,,,
,"IDMS",6,,,,,,,,,,,,,,,,,,
,"ISCA PDCS",6,,,,,,,,,,,,,,,,,,
,"ICDCN",6,,,,,,,,,,,,,,,,,,
,"ICONIP (1)",6,,,,,,,,,,,,,,,,,,
,"SWCT (FOCS)",6,,,,,,,,,,,,,,,,,,
,"MATA",6,,,,,,,,,,,,,,,,,,
,"TES",6,,,,,,,,,,,,,,,,,,
,"USENIX Summer",6,,,,,,,,,,,,,,,,,,
,"UIC",6,,,,,,,,,,,,,,,,,,
,"ICPP (3)",6,,,,,,,,,,,,,,,,,,
,"DIPES",6,,,,,,,,,,,,,,,,,,
,"ICC",6,,,,,,,,,,,,,,,,,,
,"ER Workshops",6,,,,,,,,,,,,,,,,,,
,"ISBRA",6,,,,,,,,,,,,,,,,,,
,"CollaborateCom",6,,,,,,,,,,,,,,,,,,
,"ICMB",6,,,,,,,,,,,,,,,,,,
,"CPA",6,,,,,,,,,,,,,,,,,,
,"EvoBio",6,,,,,,,,,,,,,,,,,,
,"Tangible and Embedded Interaction",6,,,,,,,,,,,,,,,,,,
,"WALCOM",6,,,,,,,,,,,,,,,,,,
,"IPMU",6,,,,,,,,,,,,,,,,,,
,"Multiple Classifier Systems",6,,,,,,,,,,,,,,,,,,
,"K-CAP",6,,,,,,,,,,,,,,,,,,
,"ESWC",6,,,,,,,,,,,,,,,,,,
,"HiPEAC",6,,,,,,,,,,,,,,,,,,
,"IWLCS",6,,,,,,,,,,,,,,,,,,
,"CONTEXT",6,,,,,,,,,,,,,,,,,,
,"CMMR",6,,,,,,,,,,,,,,,,,,
,"ICPP (2)",6,,,,,,,,,,,,,,,,,,
,"TestCom",6,,,,,,,,,,,,,,,,,,
,"WACV",6,,,,,,,,,,,,,,,,,,
,"IIH-MSP",6,,,,,,,,,,,,,,,,,,
,"MM&Sec",6,,,,,,,,,,,,,,,,,,
,"Advanced Functional Programming",6,,,,,,,,,,,,,,,,,,
,"OZCHI",6,,,,,,,,,,,,,,,,,,
,"SAMOS",6,,,,,,,,,,,,,,,,,,
,"ARES",6,,,,,,,,,,,,,,,,,,
,"ICPC",6,,,,,,,,,,,,,,,,,,
,"IS&N",6,,,,,,,,,,,,,,,,,,
,"WebKDD",6,,,,,,,,,,,,,,,,,,
,"VTC Spring",6,,,,,,,,,,,,,,,,,,
,"ISHPC",6,,,,,,,,,,,,,,,,,,
,"ASIACCS",6,,,,,,,,,,,,,,,,,,
,"ISAIM",6,,,,,,,,,,,,,,,,,,
,"Communications in Computing",6,,,,,,,,,,,,,,,,,,
,"SSTD",6,,,,,,,,,,,,,,,,,,
,"FECS",6,,,,,,,,,,,,,,,,,,
,"IWSEC",6,,,,,,,,,,,,,,,,,,
,"LACL",6,,,,,,,,,,,,,,,,,,
,"CoNEXT",6,,,,,,,,,,,,,,,,,,
,"USAB",6,,,,,,,,,,,,,,,,,,
,"TAMODIA",6,,,,,,,,,,,,,,,,,,
,"ICCL",6,,,,,,,,,,,,,,,,,,
,"AVI",6,,,,,,,,,,,,,,,,,,
,"MoMM",6,,,,,,,,,,,,,,,,,,
,"ONDM",6,,,,,,,,,,,,,,,,,,
,"DLS",6,,,,,,,,,,,,,,,,,,
,"PRO-VE",6,,,,,,,,,,,,,,,,,,
,"VDB",6,,,,,,,,,,,,,,,,,,
,"SSS",6,,,,,,,,,,,,,,,,,,
,"PATAT",6,,,,,,,,,,,,,,,,,,
,"MidSens",6,,,,,,,,,,,,,,,,,,
,"SWS",6,,,,,,,,,,,,,,,,,,
,"VaMoS",6,,,,,,,,,,,,,,,,,,
,"RSKT",6,,,,,,,,,,,,,,,,,,
,"CADUI",6,,,,,,,,,,,,,,,,,,
,"NEW2AN",6,,,,,,,,,,,,,,,,,,
,"FIMH",6,,,,,,,,,,,,,,,,,,
,"FPCA",6,,,,,,,,,,,,,,,,,,
,"MBEES",6,,,,,,,,,,,,,,,,,,
,"Color Imaging Conference",6,,,,,,,,,,,,,,,,,,
,"ÖGAI",6,,,,,,,,,,,,,,,,,,
,"EMNLP",6,,,,,,,,,,,,,,,,,,
,"OM",6,,,,,,,,,,,,,,,,,,
,"MSVVEIS",6,,,,,,,,,,,,,,,,,,
,"WebNet",6,,,,,,,,,,,,,,,,,,
,"GMP",6,,,,,,,,,,,,,,,,,,
,"LATA",6,,,,,,,,,,,,,,,,,,
,"ICEIS (5)",6,,,,,,,,,,,,,,,,,,
,"ISCAS (4)",6,,,,,,,,,,,,,,,,,,
,"PAKM",6,,,,,,,,,,,,,,,,,,
,"DMIN",6,,,,,,,,,,,,,,,,,,
,"PIMRC",6,,,,,,,,,,,,,,,,,,
,"SEDE",6,,,,,,,,,,,,,,,,,,
,"Edutainment",6,,,,,,,,,,,,,,,,,,
,"IWANN",6,,,,,,,,,,,,,,,,,,
,"AMDO",6,,,,,,,,,,,,,,,,,,
,"Software Engineering (Workshops)",6,,,,,,,,,,,,,,,,,,
,"ANLP",6,,,,,,,,,,,,,,,,,,
,"FMSE",6,,,,,,,,,,,,,,,,,,
,"VRIPHYS",6,,,,,,,,,,,,,,,,,,
,"ICWN",6,,,,,,,,,,,,,,,,,,
,"CCA",6,,,,,,,,,,,,,,,,,,
,"FCS",6,,,,,,,,,,,,,,,,,,
,"CDES",6,,,,,,,,,,,,,,,,,,
,"ICONIP (2)",6,,,,,,,,,,,,,,,,,,
,"ENC",6,,,,,,,,,,,,,,,,,,
,"Digital Identity Management",6,,,,,,,,,,,,,,,,,,
,"CSC",6,,,,,,,,,,,,,,,,,,
,"WAW",6,,,,,,,,,,,,,,,,,,
,"AP2PC",6,,,,,,,,,,,,,,,,,,
,"ISCAS (5)",6,,,,,,,,,,,,,,,,,,
,"ICE-B",6,,,,,,,,,,,,,,,,,,
,"ITNG",6,,,,,,,,,,,,,,,,,,
,"VISAPP (1)",6,,,,,,,,,,,,,,,,,,
,"WLP",6,,,,,,,,,,,,,,,,,,
,"AIRS",6,,,,,,,,,,,,,,,,,,
,"ICDM Workshops",6,,,,,,,,,,,,,,,,,,
,"Australian Joint Conference on Artificial Intelligence",6,,,,,,,,,,,,,,,,,,
,"IJCNN",6,,,,,,,,,,,,,,,,,,
,"ATC",6,,,,,,,,,,,,,,,,,,
,"Haifa Verification Conference",6,,,,,,,,,,,,,,,,,,
,"Symposium on Solid and Physical Modeling",6,,,,,,,,,,,,,,,,,,
,"LISP and Functional Programming",6,,,,,,,,,,,,,,,,,,
,"SADFE",6,,,,,,,,,,,,,,,,,,
,"ISVC (2)",6,,,,,,,,,,,,,,,,,,
